{
  "note-1": {
    "x": 1102.39990234375,
    "y": -2.79998779296875
  },
  "note-0": {
    "x": 91.60000610351562,
    "y": -45.05000305175781
  },
  "note-3": {
    "x": 35.5999755859375,
    "y": -100.15005493164062
  },
  "note-2": {
    "x": 1302.9498748779297,
    "y": 83.74996948242188
  },
  "note-4": {
    "x": 1451.3500518798828,
    "y": -71.29998779296875
  },
  "note-7": {
    "x": -144.3499984741211,
    "y": -453.25
  },
  "note-5": {
    "x": -134.10000610351562,
    "y": -53.20001220703125
  },
  "note-6": {
    "x": 222.90000915527344,
    "y": -200.5499267578125
  },
  "note-9": {
    "x": 1119.0001220703125,
    "y": -135.80001831054688
  },
  "note-8": {
    "x": 1440.4500274658203,
    "y": -212.95001220703125
  },
  "note-10": {
    "x": 1484.9500274658203,
    "y": -315.8999938964844
  },
  "note-11": {
    "x": -164.90000915527344,
    "y": -389.5
  },
  "note-12": {
    "x": 68.24999237060547,
    "y": -370.9999694824219
  },
  "note-13": {
    "x": 44.1500244140625,
    "y": -345.3999938964844
  },
  "note-15": {
    "x": 1145.7999572753906,
    "y": -413.8499755859375
  },
  "note-16": {
    "x": 1492.200023651123,
    "y": -569.2500305175781
  },
  "note-14": {
    "x": 1459.3000030517578,
    "y": -1330.549934387207
  },
  "note-17": {
    "x": -104.25001525878906,
    "y": -567.8499908447266
  },
  "note-18": {
    "x": 72.30000305175781,
    "y": -387.1999816894531
  },
  "note-19": {
    "x": 48.649993896484375,
    "y": -302.79998779296875
  },
  "note-21": {
    "x": 1289.8001098632812,
    "y": -667.6999893188477
  },
  "note-20": {
    "x": 51.65000915527344,
    "y": -253.4000244140625
  },
  "note-23": {
    "x": 30.04998779296875,
    "y": -438.5
  },
  "note-22": {
    "x": 1305.9998016357422,
    "y": -936.2999572753906
  }
}